1866695,1,133,90,11,182,45.94471294,0.079790728,25,0
1175872,0,58,53,33,86,21.35737841,0.20656974,26,0
1735192,0,149,92,43,187,19.25463487,0.770297896,21,0
1074243,4,82,58,47,139,35.72788477,0.618011252,43,1
1812930,8,173,77,12,88,44.91090079,0.179034074,36,1
1155685,2,86,90,45,741,40.784636,0.867337016,22,1
1197357,0,83,56,43,21,44.17676471,0.648207642,25,0
1339838,0,113,66,11,27,40.69053734,0.244567357,22,0
1814526,0,93,88,8,45,21.10742745,0.138581023,24,0
1541695,2,188,56,27,143,25.51456521,0.26805151,44,1
1928791,5,107,85,23,220,40.16727417,0.837607322,23,1
1755739,2,82,88,13,276,21.01901517,0.150444269,21,1
1229007,2,178,50,9,25,36.75127644,0.298470374,22,1
1056933,8,106,64,40,188,43.56737336,0.110866791,53,1
1328416,0,128,89,7,124,34.64429939,0.17765713,21,0
1626767,0,77,87,20,234,19.06474559,0.289611006,58,0
1072038,6,48,96,37,357,40.39476183,0.638371925,22,0
1859689,1,88,44,8,39,20.76344584,0.70632567,25,0
1272001,1,92,80,17,156,21.43347149,0.559415284,51,0
1516902,1,109,82,33,36,29.95816155,0.63891766,24,0
1733877,8,119,70,21,63,51.877294,0.172106345,44,1
1629413,0,169,54,9,129,21.43991173,0.566067691,21,0
1697488,1,162,90,32,442,21.543905,0.574278451,23,0
1633395,3,50,80,87,48,26.10540064,0.798477987,23,1
1076483,12,129,50,57,166,36.63366174,0.802121112,22,1
1364719,2,76,53,11,124,41.50557569,0.291484852,24,0
1433768,1,78,86,35,17,21.66779925,0.708656899,21,0
1964605,0,58,50,7,213,21.72205532,0.898032693,23,0
1681294,1,161,72,18,179,20.29851164,1.163558557,22,0
1697608,0,94,50,10,142,48.01585645,0.182777421,32,0
1887281,0,71,45,17,40,39.41881048,0.181859653,35,0
1270045,0,116,57,33,242,20.82830524,0.254813864,22,0
1919816,0,83,43,43,78,47.3013009,0.094438969,23,0
1328135,3,114,96,7,559,42.99715301,0.288868276,22,0
1073811,0,90,79,9,563,20.35511443,0.469096381,22,0
1101173,0,134,65,11,266,18.23377249,0.102947716,32,0
1905636,0,144,52,31,203,19.60046196,0.235053625,21,0
1913329,9,84,42,33,50,42.86289189,0.836166332,22,0
1588203,4,65,93,27,93,29.38865812,1.197372436,55,1
1294480,11,101,76,41,73,31.36379042,0.870336706,53,1
1889251,3,135,63,29,91,38.81233264,0.622527241,59,1
1817722,0,83,39,41,35,18.63021324,0.252103517,21,0
1621008,6,153,57,33,401,21.25245285,0.443452339,21,0
1847715,6,122,98,49,217,38.15146702,0.167979647,23,1
1650691,1,104,95,49,61,27.13600265,1.498159579,36,1
1018711,1,95,71,55,39,20.11384738,0.948706256,30,0
1052411,0,67,60,11,164,39.26324301,0.102199277,21,0
1078360,6,72,57,10,79,34.89243959,0.685968427,67,0
1079142,1,118,79,37,33,33.44042275,0.134594955,33,0
1616049,8,96,85,35,23,46.39246948,0.498263418,23,0
1984899,6,170,58,35,648,37.18477568,0.170592304,25,0
1551247,0,74,56,31,49,42.31079963,0.142006056,32,0
1510032,3,120,51,32,38,43.71775242,0.631822457,22,0
1264213,0,80,76,22,44,18.58271552,0.751714866,26,0
1078054,0,58,88,35,49,36.18805577,0.200359366,23,0
1893507,0,122,55,32,367,19.32294054,0.762968385,31,0
1782577,6,87,61,43,41,18.40587748,0.171769558,35,0
1393108,0,139,63,29,65,18.42258658,0.675373352,67,0
1494912,8,120,63,24,46,28.59612885,1.190395331,21,1
1543668,0,80,51,43,192,18.9836031,0.111577137,26,0
1192425,0,121,97,23,39,21.78152431,0.135898959,35,0
1410663,13,99,79,42,492,28.98626431,0.117442069,22,1
1457560,1,97,76,11,157,20.06349655,0.181184352,23,0
1236006,1,166,78,35,261,45.42563712,1.016278759,21,0
1058698,1,128,59,7,170,45.71115393,0.170274356,21,0
1703128,6,106,40,7,37,36.85458245,0.251670078,23,0
1751864,1,87,51,22,17,29.89357783,0.460380934,35,0
1118017,0,155,86,31,242,20.13782026,0.165917443,21,0
1947748,3,105,91,55,81,45.06410197,0.084067537,31,1
1219843,1,69,57,10,24,20.75734476,0.424260636,26,0
1581244,1,114,86,35,269,21.7486739,1.302722874,71,0
1517239,0,129,63,21,29,20.86581441,0.211527672,35,0
1786804,9,110,82,35,62,31.04254703,0.162289875,54,1
1184392,3,83,64,7,78,21.49971642,0.72837626,22,0
1757179,5,94,91,48,72,36.87771145,0.141397657,21,1
1435152,6,89,84,9,185,38.88492031,0.569516035,26,0
1324914,6,126,50,15,49,31.10100932,1.116392269,51,0
1732236,0,57,46,34,177,39.8965653,0.503718944,51,0
1204763,2,104,93,26,156,39.05695763,0.185593645,21,1
1390935,1,118,80,28,93,47.17423767,0.102812566,21,1
1472994,0,112,77,10,25,18.66552219,0.538894933,35,0
1094608,2,105,92,15,156,38.22294846,0.904440187,44,1
1852542,1,73,39,18,38,35.80078389,0.57847082,21,0
1893446,5,97,51,32,285,36.70105786,1.511863624,22,1
1016985,0,161,92,39,27,25.73872622,0.096093933,30,0
1249109,1,68,79,10,350,34.11708548,0.084313003,34,0
1193167,2,109,85,46,96,31.96256496,0.153314855,22,1
1772519,3,170,93,41,15,42.38665814,0.520624575,35,0
1551153,10,70,92,35,240,18.34508272,0.087948888,23,0
1613036,6,136,63,33,131,20.17839693,0.116817243,23,0
1008171,9,172,60,42,201,36.7370451,0.125217767,21,1
1183267,6,126,84,11,22,41.71725647,0.301171921,21,0
1046622,4,110,98,11,35,48.57901006,1.455631649,23,1
1668023,4,118,69,12,36,43.62047595,1.000881104,38,1
1344860,8,105,47,13,163,29.71905481,0.562240635,22,1
1500015,1,110,85,33,664,38.58862004,0.530840493,24,0
1295433,0,91,54,42,179,21.9367905,0.445162587,21,0
1698328,1,110,50,24,34,20.21554624,0.148926343,33,0
1944575,1,134,88,42,146,43.14998742,0.163589719,21,0
1171244,0,71,58,35,29,41.67236678,0.22439173,23,0
1576929,3,185,61,32,270,29.34770852,0.567913866,38,1
1709704,8,48,50,38,508,54.65590338,0.192264712,46,1
1108497,10,95,57,57,30,19.4595905,0.283445517,26,0
1891662,8,46,60,12,65,42.08871312,0.701146169,21,1
1219751,3,91,64,34,194,35.14976774,0.236028198,22,0
1742321,0,93,80,14,53,19.9148902,0.207714027,62,0
1262750,0,124,38,9,21,21.38493829,0.249716892,22,0
1111292,1,71,54,28,260,21.1412058,0.165049676,23,0
1272053,0,146,84,12,16,44.71526895,0.153820909,22,0
1779829,0,115,83,14,165,39.59785,1.312657285,23,1
1928273,1,75,73,10,79,20.62049466,0.735690895,26,0
1983534,4,44,74,40,174,31.95469231,0.093373126,43,1
1835198,2,115,84,12,639,41.68148129,0.241141251,34,1
1511746,9,92,89,21,38,19.78220672,0.285018093,25,0
1656743,13,144,97,47,93,22.65795493,0.987936222,43,1
1809788,1,120,57,10,179,33.33224741,1.233533322,23,0
1649568,2,64,87,24,264,38.77989649,0.823751352,53,1
1625958,1,156,80,30,39,18.65171636,0.102662541,23,0
1253210,4,63,68,37,69,37.66925677,0.735958889,21,1
1624493,0,158,79,41,26,36.3108855,0.251548467,21,0
1224697,5,97,48,15,60,37.45555411,0.268117923,62,1
1866549,1,67,78,18,241,29.57964226,0.146062092,37,0
1661650,1,77,45,46,33,20.02194425,0.138707711,21,0
1511598,0,118,55,8,36,39.93101585,0.213368714,21,0
1365284,4,109,61,50,237,42.41648413,0.882064899,21,1
1230264,0,93,69,10,54,21.293079,0.749437543,25,0
1561276,0,71,100,36,25,18.21289099,0.217868891,23,0
1794450,9,98,49,34,23,21.4783592,0.221670474,34,0
1148576,9,73,65,47,711,24.76472439,0.166607201,47,1
1459750,1,93,102,11,86,21.05937142,0.247044813,26,0
1868812,1,87,68,45,28,37.84305618,0.080297963,26,0
1564755,3,135,86,53,201,20.21776924,0.132561245,67,0
1134957,1,93,67,32,136,21.34719374,0.131316864,22,0
1224773,5,127,75,46,76,30.28954105,0.136590159,21,1
1743689,0,55,62,11,171,44.61322385,0.084965599,23,0
1824722,1,116,83,43,655,18.90869512,0.166555691,21,0
1569891,1,89,55,16,128,38.78134666,0.116221755,48,0
1064326,1,155,57,31,368,38.5572299,0.137576402,35,0
1738940,0,118,60,31,44,21.97775178,0.151247587,34,0
1823377,0,116,92,16,184,18.60362975,0.131156495,22,0
1807517,0,69,39,31,21,36.61127519,0.184056779,23,0
1897151,0,172,56,11,34,44.34988656,0.272721938,26,0
1850124,2,76,40,35,196,21.99579247,0.133351231,22,0
1506696,9,102,60,43,80,27.19579155,0.153326997,21,1
1389324,1,102,90,32,49,37.32169929,0.21759573,22,0
1417560,0,79,93,8,22,47.65637743,0.182140233,46,0
1877938,9,140,50,22,253,31.18844565,1.165461881,30,1
1884237,9,119,61,36,208,31.52561777,0.777997016,38,1
1098496,1,67,57,9,44,19.97272108,0.189649303,24,0
1240334,4,106,80,12,196,45.65831803,0.135800817,58,1
1720776,7,77,51,33,61,21.10926045,0.285460105,30,0
1010828,2,99,87,29,604,31.66189632,0.114690788,42,1
1994435,0,124,57,46,36,36.92571078,0.120490619,34,0
1375465,9,102,87,35,49,41.36506447,0.256808517,23,0
1715191,11,46,63,34,224,44.17777381,0.130871677,26,0
1299381,1,79,74,34,179,42.37621922,0.172997197,24,0
1967969,0,93,66,31,137,19.90530058,0.162871912,25,0
1176588,0,122,80,9,54,27.30175237,0.298032179,23,0
1764538,1,134,83,8,20,43.49032441,0.260317566,30,0
1966743,10,48,79,10,246,34.48408454,0.798097081,34,1
1029310,1,126,82,42,49,35.8754255,0.103204944,34,0
1438057,6,100,65,43,182,40.82750289,0.231912009,23,0
1305125,3,180,80,24,69,28.67218641,0.177822,22,1
1908973,0,127,116,8,17,22.10624691,0.110106446,23,0
1074502,11,128,62,44,78,30.21654693,0.576997921,22,1
1466502,7,82,43,17,16,42.10636089,0.108749735,21,0
1997903,7,93,80,23,300,40.40585897,0.091515444,24,0
1999232,3,95,82,16,236,33.25222671,0.101357727,33,0
1430867,2,108,79,14,93,28.52217431,0.157425959,23,1
1683617,0,104,82,16,48,21.8497725,0.60141705,21,0
1567553,0,172,62,33,228,21.05659503,0.498978302,22,0
1344427,2,137,83,57,226,32.42479908,0.174001207,54,1
1735434,11,80,86,41,57,41.43747253,0.09230396,47,1
1166718,1,145,67,32,289,37.32886602,0.248763514,23,0
1620292,5,80,84,8,418,35.69543681,0.15571665,40,1
1190121,2,90,78,39,35,20.91248761,0.255934708,26,0
1691870,7,84,86,7,139,34.03182037,0.147002729,22,0
1683237,1,167,107,11,31,22.03046807,0.080943868,21,0
1342312,1,126,85,35,60,51.30283647,0.107591754,22,0
1099265,8,88,62,21,82,25.85116151,0.629377522,44,1
1439424,0,97,92,7,31,42.76219645,0.18852801,22,0
1278319,0,115,91,17,77,20.63737039,0.593758424,32,0
1669724,1,93,87,11,54,19.06019585,0.528059238,24,0
1257454,6,142,68,36,256,36.77467119,0.145346993,23,0
1542179,0,89,76,29,132,40.48039076,0.830776235,24,0
1245840,1,122,58,42,38,44.61622542,0.091540403,23,0
1605017,4,89,98,35,219,36.75793991,0.111414005,23,1
1621387,0,57,30,42,21,36.78989852,0.094361204,21,0
1719052,3,125,40,33,173,38.51987102,0.480002277,52,0
1637636,5,120,92,12,371,47.06631997,0.171586106,40,1
1977324,6,77,59,33,196,20.50847074,0.088197933,26,0
1226501,14,110,63,39,196,18.45388103,1.528477372,57,1
1775306,3,121,89,54,160,28.86519136,0.182094842,39,1
1803931,2,113,59,43,84,48.06744134,0.173660085,22,1
1957321,5,71,65,46,68,37.78403548,0.65872161,23,1
1801730,1,102,62,49,27,30.27686445,0.092305981,21,1
1760701,1,74,78,38,229,37.77445682,0.191031032,25,0
1336778,7,126,51,9,43,40.04291162,0.180467115,22,0
1725932,4,119,90,14,144,36.32099576,0.166508956,57,1
1996769,4,133,73,40,245,31.6832003,0.122677199,39,1
1565546,0,167,53,22,14,41.84779649,0.162734559,26,0
1467275,0,77,97,17,29,42.70951877,0.180692154,22,0
1325063,0,121,51,35,51,39.51693435,0.099890763,22,0
1402128,0,84,89,19,264,41.79870949,0.744333307,23,0
1563287,5,74,74,15,66,19.09588298,0.187105989,21,1
1093430,1,127,67,38,69,39.6017115,0.150288792,25,0
1455498,9,166,45,9,263,18.27918225,0.667778082,48,0
1741470,1,67,85,42,32,38.06448584,0.111717996,48,0
1448150,10,85,60,7,179,21.29459143,0.148224778,25,0
1436180,0,147,67,31,180,39.03495714,0.129964847,31,0
1765970,0,123,49,22,144,20.24051032,1.002945542,21,0
1849317,1,137,67,25,43,46.39794105,0.098859679,25,0
1285550,5,106,81,14,88,27.93478636,0.186632337,22,1
1561639,3,132,94,21,163,44.83794219,0.698804678,40,1
1549366,3,139,54,42,37,19.78957642,1.051878129,33,0
1254621,0,78,75,32,36,21.18255308,0.274412299,26,0
1866617,6,136,86,39,144,25.96334767,0.081169835,33,1
1952386,1,95,40,32,167,21.19822524,0.781018904,25,0
1090940,0,69,79,10,144,43.27689514,0.216933709,23,0
1904216,6,74,81,16,182,21.72244252,0.287283205,21,0
1780777,4,54,75,27,72,21.88023726,0.200555329,23,1
1317707,10,55,72,43,620,21.45306212,0.167624029,22,0
1329204,9,135,77,55,81,23.31746262,0.092185598,44,1
1935626,8,75,72,48,76,27.32431831,0.244909918,54,1
1043211,0,87,42,12,164,31.03780333,0.190067687,24,0
1286667,9,150,76,13,27,30.67481803,0.142425394,62,1
1234944,0,93,86,8,171,25.43754581,0.16814196,26,0
1974940,1,102,96,34,50,32.66626896,0.140763978,24,0
1893713,0,94,69,23,45,39.90571094,0.170915249,23,0
1671628,5,135,92,45,307,53.92492277,0.549873356,22,1
1517830,6,92,96,10,37,38.86686317,0.955710632,22,0
1554594,1,79,48,21,147,19.03524214,0.109594308,23,0
1753096,0,97,82,44,37,20.00234852,0.597043748,23,0
1864591,0,131,93,27,234,20.5197265,0.161332462,23,0
1041245,1,104,25,12,137,37.13371074,0.167900631,34,0
1864703,7,104,87,9,45,41.37510647,0.078273812,23,0
1063704,9,76,50,32,43,20.95405943,0.160435042,21,0
1288920,0,138,92,31,45,40.7938962,0.273384134,22,0
1812707,3,152,75,12,334,41.62375978,0.464211655,46,1
1671219,1,124,40,7,48,36.34995603,0.467857326,21,0
1409525,1,155,96,45,252,34.21100856,0.206866276,22,0
1342121,7,147,79,35,34,20.21957433,0.150834356,24,0
1727260,6,96,79,45,168,46.73130983,0.147377262,21,0
1299536,3,76,56,28,70,31.59009627,0.887729937,21,1
1416796,2,143,81,27,85,21.75078292,0.133055987,23,1
1731282,0,104,52,35,190,45.62721696,0.121250654,22,0
1197189,3,90,61,45,38,50.7427274,0.180336899,44,0
1284616,3,147,73,13,75,32.90231539,0.464223524,21,1
1642555,3,103,39,33,21,19.11194562,0.131960721,21,0
1333653,4,169,91,45,79,34.78738237,0.820558937,47,1
1397244,4,118,63,53,503,28.28433203,1.096961282,45,1
1496203,4,103,44,28,14,35.53438197,0.187656463,59,1
1884629,1,94,83,16,167,32.04502072,0.588629015,21,0
1409809,1,111,83,28,61,39.02693714,0.081577515,22,1
1538452,7,122,87,9,35,20.66224157,0.648355109,22,0
1185942,9,121,52,8,41,19.66880482,0.084644586,42,0
1001867,6,166,55,42,38,21.89939602,0.116332597,22,0
1329841,3,117,90,25,88,31.67498099,0.797926746,55,1
1395901,5,99,65,32,341,28.40518184,0.218924321,47,1
1887109,7,110,56,36,48,30.02824247,0.113809062,21,0
1517454,0,136,80,15,19,41.64101949,0.112958221,22,0
1905836,7,144,90,28,81,35.88526353,0.192703413,34,1
1510446,0,118,66,34,51,37.73369839,0.101809167,23,0
1707335,1,158,96,30,42,47.7033307,0.161556242,26,0
1859702,3,104,62,44,16,41.59466726,0.812697791,34,1
1705033,5,92,79,9,44,37.70190379,0.657367425,41,0
1748560,3,103,62,28,50,43.19491984,1.100660788,23,1
1290932,0,159,89,24,340,18.24331033,0.154686387,22,0
1871114,3,109,78,14,467,45.18720738,0.75811805,41,1
1727710,0,140,31,25,39,21.05062887,0.162080614,22,0
1713626,3,134,91,24,167,32.30966142,0.842713866,39,1
1666283,3,111,83,14,183,33.28104608,0.110344564,21,1
1905282,0,83,91,9,317,22.09704062,0.250345441,24,0
1436945,5,109,81,47,81,43.86680527,0.160832839,46,1
1447872,1,89,61,10,20,37.81825556,0.909068396,22,0
1192594,0,155,67,28,26,32.8024288,0.699522753,22,0
1341841,14,173,87,29,163,21.81789969,0.264857072,21,1
1819428,0,131,56,7,28,20.99588484,0.186768053,21,0
1178698,0,91,78,36,50,20.3975256,0.17164683,21,0
1465535,9,129,83,9,189,50.65313359,0.509931336,34,0
1157177,6,110,59,43,63,31.67088971,0.527611377,47,1
1440290,6,144,85,45,58,25.59449033,0.176684925,30,1
1345247,0,92,44,46,21,46.15517183,2.159508815,33,0
1682280,1,70,50,54,33,21.8250908,0.098719296,22,0
1436964,4,59,53,26,86,43.52590758,0.875127911,21,1
1108679,2,101,75,25,379,32.3753651,0.669820443,23,1
1487747,0,109,87,20,446,21.95133398,0.679946531,35,0
1301075,8,100,53,46,211,28.72124647,0.204487785,42,1
1489507,3,92,81,34,71,26.44585525,1.229155414,46,1
1585026,1,97,69,34,19,19.81462384,0.084174254,23,0
1834971,4,174,89,39,20,46.42096029,1.137066052,22,1
1763360,0,157,81,44,74,20.18858342,0.180499806,26,0
1018614,6,120,66,29,293,21.82908811,0.164195508,22,1
1792480,0,130,94,17,232,19.95148763,0.78472569,23,0
1473386,0,153,80,44,76,49.2223879,0.190028552,24,0
1102920,6,110,44,33,24,19.32450644,0.081564097,23,0
1903458,0,165,52,15,62,19.61884006,0.143344752,26,0
1085130,1,70,89,26,23,18.25580121,0.130906238,40,0
1944289,6,113,60,33,183,24.94698516,1.217590578,29,1
1558438,1,165,57,44,78,20.85628998,0.643133451,33,0
1319534,1,127,89,41,204,22.10070064,0.091885589,25,0
1241280,1,116,82,38,48,20.89739177,0.301307314,24,0
1230824,0,113,90,45,187,21.94753604,0.584379993,22,0
1660912,0,134,55,9,21,20.15962363,0.090031572,23,0
1515966,1,146,91,11,70,20.60670999,0.07962115,57,0
1279354,6,101,67,14,82,38.92733185,0.613472063,22,1
1584484,9,82,49,11,191,37.8410018,0.588516683,24,0
1157725,8,141,85,8,16,40.81722298,0.134929851,22,1
1956136,2,176,78,13,217,31.22817209,0.110019199,42,1
1086260,10,108,83,29,34,46.39421574,0.18737576,22,1
1201772,1,113,65,45,270,19.62706015,0.094227743,48,0
1550502,0,68,81,25,28,20.97906677,0.509819318,22,0
1861073,1,161,91,8,19,20.05471778,0.147550591,44,0
1358699,4,96,67,13,96,30.40576185,1.05350731,42,1
1554153,0,131,58,15,199,22.02498705,0.652146684,30,0
1690078,3,125,97,41,27,24.07838726,0.232814858,21,1
1714111,4,105,55,50,92,25.28514913,0.278778011,60,1
1168548,0,94,93,15,146,21.99430137,0.720959059,24,0
1646709,10,168,79,33,644,19.04782633,0.230939387,25,0
1900845,1,87,67,42,29,29.43156642,0.137079864,25,0
1317766,6,88,60,41,161,21.4135979,0.159020622,21,0
1972564,0,92,68,45,25,20.06331838,0.64710914,23,0
1166018,0,104,95,29,58,47.99403237,0.20384534,62,1
1997934,0,49,86,7,32,40.43216993,1.218523857,21,0
1953248,3,117,69,23,74,30.75070716,0.118022927,22,1
1010056,0,69,42,15,80,20.1717894,0.117608275,22,0
1018675,3,71,85,7,153,21.79703951,0.144489663,33,0
1331079,0,92,84,33,266,34.86919389,0.08203622,22,0
1481604,7,87,55,46,271,43.8382215,0.110638569,43,0
1951158,8,78,68,13,46,41.06320283,0.172078981,23,1
1659124,1,109,96,9,162,37.74118569,0.223300037,33,0
1339893,0,133,50,31,140,19.31848708,0.120741276,45,0
1168747,1,88,84,12,144,29.02353889,0.693411202,25,0
1739260,11,97,82,41,304,34.48853031,0.106793073,61,1
1952220,11,180,77,8,207,30.56270488,0.141722583,44,1
1642720,0,86,92,44,64,35.73273905,0.187416525,24,0
1564145,6,165,94,16,246,42.46938845,0.115288838,22,0
1889506,0,57,78,33,60,19.11544108,0.60045988,47,0
1707712,0,89,79,43,49,20.11229297,0.162031463,22,0
1145420,9,102,86,24,212,26.45768882,0.659408042,21,1
1839536,1,54,103,22,147,49.6495929,0.112722112,24,0
1619497,7,132,93,45,30,21.44861582,0.224903989,23,0
1633676,5,101,87,42,576,29.90160788,0.30054964,22,1
1392935,3,82,82,43,25,39.66339913,0.846195781,26,0
1885707,0,140,71,9,26,42.09894727,0.094308946,24,0
1468300,1,151,57,44,149,30.00674908,0.106288467,21,1
1863113,0,136,65,12,368,35.10515628,1.121480079,40,1
1279500,0,75,43,10,615,34.60874122,0.164460773,24,0
1150569,6,136,72,14,558,41.91064224,0.188985694,45,1
1759038,1,75,87,39,31,42.46073927,0.10684983,21,0
1189509,0,79,48,10,42,37.60507661,0.224965244,21,0
1352063,10,108,87,32,76,36.90839292,0.863919879,31,0
1397513,3,131,93,22,95,27.14536697,1.111887722,59,1
1772978,0,76,64,33,71,43.40696399,0.493770431,32,0
1791291,7,73,50,11,38,21.47092649,0.14172709,22,0
1690544,0,93,83,12,30,22.00756189,0.085734931,23,0
1390969,9,97,88,32,131,40.93663913,0.817954595,22,0
1005706,7,126,50,17,63,39.91141784,0.172680729,31,0
1862242,7,80,87,42,275,49.7556901,0.464129434,31,0
1488399,2,55,56,22,232,30.15902294,0.084980894,41,1
1369245,0,138,81,21,47,37.52252036,0.101688337,21,0
1411523,7,96,91,42,83,26.31689052,0.764167945,21,1
1875780,0,71,87,34,38,20.22091055,0.291641787,24,0
1806198,4,177,86,40,287,29.33409768,0.182215854,22,1
1317582,7,93,44,26,41,19.39573981,0.840048249,50,0
1450613,1,127,43,25,49,43.00936409,0.228095214,44,0
1759584,0,125,98,36,39,37.63793959,0.079968382,43,0
1354578,7,82,53,22,70,19.00524456,0.25606189,24,0
1342874,0,186,83,35,24,47.24536005,0.100531063,23,0
1488774,9,107,88,53,291,38.16863082,0.160447764,46,1
1497744,3,130,96,43,181,43.44713982,0.492104165,21,1
1850585,0,89,55,29,164,18.97703156,0.146560954,21,0
1010586,0,93,29,34,143,38.27175757,0.092640244,47,0
1046673,0,139,58,42,46,41.97247274,0.140045986,22,0
1666651,3,99,93,27,150,36.13417639,0.143874647,21,1
1557425,7,117,25,33,192,20.54986735,0.508174989,26,0
1200802,8,189,88,50,78,31.78648718,0.138715051,36,1
1676802,1,101,85,20,43,33.99562824,0.275707054,23,0
1658281,1,156,55,26,40,20.89356065,0.094020476,21,0
1773641,5,117,82,13,76,40.04202861,0.316210437,23,1
1205117,7,83,51,42,19,40.78067727,0.233550601,22,0
1598662,9,67,89,12,456,28.22783897,0.855568359,21,1
1100030,12,113,61,29,210,35.23344228,0.111405933,30,1
1576871,1,124,56,49,29,19.34340804,0.112838456,21,0
1261672,1,72,50,45,29,32.35797377,0.100568612,42,0
1615114,1,120,63,44,168,20.69188854,1.011745884,21,0
1581965,0,110,47,31,130,41.76532011,0.725441623,26,0
1616058,1,173,82,42,41,18.61898064,0.624342654,23,0
1120145,0,140,85,45,180,33.37611072,0.148554743,22,0
1835271,9,91,78,35,178,18.75228251,0.77674571,37,0
1373559,0,96,93,52,39,46.9944887,0.109699807,24,0
1123432,0,67,49,27,227,37.94287099,0.147168447,23,0
1865091,0,70,82,40,36,42.34357962,0.221448128,21,0
1013657,0,158,57,33,135,46.79250616,0.164100297,35,0
1685776,6,93,39,10,46,19.9221224,0.919038029,30,0
1846690,0,115,80,15,24,20.65759769,0.125445933,24,0
1931566,0,169,94,9,218,21.47797507,0.848945304,26,0
1661193,0,87,67,9,168,20.00150228,0.21124523,23,0
1439362,9,118,55,10,31,18.7588994,0.241343446,21,0
1485502,8,91,52,7,18,45.2898693,0.948708839,25,0
1634216,0,73,84,35,291,37.62298697,1.05441485,32,0
1706953,0,84,48,34,30,21.61594391,0.173189805,22,0
1704891,1,132,85,8,29,41.02698629,0.08570251,26,0
1713695,0,112,61,28,380,21.16421767,0.160734508,21,0
1659393,7,77,61,17,47,37.52582644,0.643447321,26,0
1560780,0,92,50,45,39,31.85407638,0.588531414,23,0
1550285,8,55,79,57,85,27.36704418,0.133478302,22,1
1099353,0,132,98,18,161,19.7916451,0.302257208,23,0
1818511,3,136,68,27,235,48.63051144,0.602097843,21,1
1384667,2,185,69,14,292,29.90407219,0.173347784,23,1
1970773,0,171,80,10,30,38.22900466,0.547067671,21,0
1786934,1,111,60,28,72,38.36959703,0.84841439,21,0
1744721,0,172,45,17,59,24.54324539,0.442003114,25,0
1069026,5,56,69,14,437,30.61529184,0.088622476,53,1
1793990,9,56,56,21,229,29.31354482,1.672250578,22,1
1756411,7,115,88,31,145,31.85989052,0.199985299,22,1
1486237,7,127,80,23,165,38.87966012,0.529157797,23,0
1816693,7,96,68,43,417,29.2492827,1.369752927,56,1
1315548,0,110,83,22,391,40.27583315,0.133776347,21,0
1043014,1,79,80,35,315,32.51233556,0.182541188,45,0
1534664,0,109,45,7,27,32.18196548,0.207602988,21,0
1166796,5,95,72,36,44,20.04460444,0.135655425,22,0
1744086,6,71,92,18,41,20.72792075,0.738126436,44,0
1519493,4,144,45,14,64,37.51158668,0.152509759,54,1
1462189,0,81,59,42,57,50.87337133,0.786536058,22,0
1030329,6,130,43,12,186,34.68261228,0.104171326,22,1
1322324,7,89,65,34,143,18.93417278,0.088021613,23,0
1242684,1,57,58,37,205,22.07743938,0.195676797,23,0
1924345,0,84,52,9,32,41.77564349,0.083613778,22,0
1895464,0,87,40,10,148,21.36363592,1.490163497,22,0
1125652,1,82,60,23,32,45.70454852,0.729825679,26,0
1553063,6,102,91,31,168,41.84590571,0.29989001,21,0
1333323,1,113,79,32,252,19.98330357,0.122378837,24,0
1690422,0,82,50,42,142,19.99635792,0.114673571,21,0
1117641,7,90,63,16,182,48.93151404,0.196662673,55,1
1393318,9,97,81,21,14,24.61556517,0.447039782,53,1
1579507,0,75,55,7,206,50.32986273,0.102772173,25,0
1285796,4,54,57,41,77,22.5300726,0.266898906,23,1
1734011,0,91,83,11,16,29.35852149,0.185545636,31,0
1141527,0,83,92,54,181,20.7481142,0.289838072,24,0
1073942,4,75,49,22,266,27.02466121,0.773525111,55,1
1736634,13,141,69,27,96,40.89745344,1.543839617,21,1
1700185,0,166,110,51,126,30.2504811,0.181802103,23,0
1777657,1,85,95,17,24,31.69121314,0.112122357,26,0
1697879,0,166,46,7,47,20.51778255,0.203496482,23,0
1469567,1,55,58,45,150,40.9147289,0.097435675,43,0
1243915,0,135,80,42,186,36.14070628,0.166211612,58,1
1163345,4,108,82,53,50,34.86807527,0.09276413,22,1
1970512,8,68,82,24,331,35.40351135,0.202162684,22,1
1851887,0,89,47,32,64,19.98511494,0.112028025,25,0
1169508,5,119,68,44,82,39.33815071,0.168593797,56,1
1756249,8,86,59,9,194,38.65222918,0.090267638,24,0
1713404,6,104,64,47,137,42.48329892,0.796603561,21,0
1152324,1,72,86,37,177,21.32475716,0.113925551,26,0
1699027,3,117,40,15,33,21.80096654,0.097870736,25,0
1746993,8,151,74,29,627,45.09406564,0.149965289,45,1
1118815,1,90,94,41,250,38.14662476,0.991718248,31,0
1583708,6,86,82,11,255,36.88551252,0.135512308,24,0
1039614,0,137,95,56,19,39.30933666,0.101541735,34,0
1089895,0,52,86,11,31,40.72368362,0.489861405,21,0
1712234,6,115,96,19,31,39.26306468,0.121148685,24,0
1522302,1,73,94,34,27,19.05182659,0.090794504,39,0
1162609,4,98,87,14,64,33.88383053,0.097154416,55,1
1185715,1,95,39,8,38,37.89845646,0.301867156,26,0
1305594,8,61,61,54,172,26.64056668,1.157358978,59,1
1867795,0,80,57,15,26,50.87622119,0.593496393,22,0
1545476,0,86,46,31,35,39.22481077,0.269047388,31,0
1674463,3,117,78,54,215,25.89024076,0.137000802,42,1
1820838,0,94,80,33,231,41.32719641,0.751770404,21,0
1303012,3,114,89,39,88,36.27707559,0.172739017,36,1
1725247,0,92,91,44,44,46.6424348,0.176117708,24,0
1467793,7,86,62,56,74,39.27978821,0.112187024,22,0
1932661,2,97,97,30,441,25.76934586,0.081983995,45,1
1992141,7,70,81,41,30,19.0550804,0.176753556,23,0
1236926,6,96,83,18,23,19.38941367,0.095322341,26,0
1152038,0,159,87,34,46,21.38544366,1.089550026,22,0
1663547,1,119,96,37,27,35.04014318,0.58537187,22,0
1715245,0,86,65,15,37,21.21864583,1.870506608,26,0
1971548,3,116,68,15,24,36.66076997,0.649216856,42,1
1759320,1,86,62,34,20,19.21612785,0.179411366,25,0
1123989,1,161,73,16,15,19.2070298,0.126935678,24,0
1850044,0,120,92,35,207,29.15305439,0.7382671,23,0
1353629,0,126,56,46,167,37.94351176,0.634277111,35,0
1438789,3,116,90,12,87,29.41438583,0.619011871,21,1
1885700,0,79,104,45,196,35.92934313,0.915403729,23,0
1510607,7,126,40,34,233,41.9911354,0.091672894,26,0
1662215,1,111,57,34,35,34.84198927,0.120999696,24,0
1525513,0,96,62,33,34,39.42169645,0.167504579,21,0
1288232,8,110,91,29,150,29.80548766,0.110293487,22,1
1182674,4,100,87,46,300,35.77734808,0.675577444,44,1
1062576,6,143,81,22,129,20.37993496,0.142841575,24,0
1234277,3,100,89,42,230,45.54126763,0.116634907,22,1
1889274,0,118,43,42,47,43.22118335,0.110684138,21,0
1205289,9,189,78,40,408,49.72800979,0.122901361,40,1
1077482,10,127,81,23,377,20.30644504,0.094484799,24,0
1363222,0,85,96,25,45,21.4722192,0.107395939,24,0
1284584,7,100,61,36,39,36.68100596,0.522871626,26,0
1819282,10,156,66,44,56,31.88546247,0.47821987,53,1
1238922,2,109,47,42,81,35.23083051,0.15559113,56,0
1322123,3,90,59,53,59,20.81445713,0.164486468,22,0
1672529,0,73,68,10,36,37.2649502,0.502397295,21,0
1754866,1,68,42,43,25,40.80231289,0.110669579,25,0
1660383,5,104,45,49,200,31.86202829,0.103671406,43,1
1852129,0,149,40,34,65,21.96197554,0.093627478,25,0
1095061,1,90,104,28,165,21.62726892,0.244613951,21,0
1227453,1,120,53,32,171,20.98191966,0.579779433,22,0
1491592,0,118,93,7,22,20.47494614,0.116784918,23,0
1187204,10,70,66,9,16,20.19768874,0.857964532,25,0
1235223,0,129,82,46,45,38.14019316,0.102779243,21,0
1556504,1,69,81,20,185,21.59801634,0.115598837,21,0
1565528,1,94,81,45,189,20.88979013,0.116270947,24,0
1867554,12,175,62,46,81,41.80961432,0.866457831,61,1
1409391,3,122,87,24,30,38.22333326,1.249956541,25,0
1983291,0,102,51,11,182,20.99808852,0.779604429,26,0
1353449,7,122,43,35,141,36.55878856,0.290144914,24,0
1206995,0,147,84,45,146,35.99448514,0.615562961,26,0
1363684,14,104,70,9,89,21.26670126,0.667976361,22,1
1080163,1,68,54,24,26,38.88640581,1.815835971,24,0
1493786,6,129,47,34,178,21.95727175,0.099842483,22,0
1548930,0,140,70,7,322,19.09728812,0.12943463,23,0
1486056,0,95,61,30,194,20.51643579,0.855156868,25,0
1927844,0,91,43,8,23,38.03051716,0.132032772,23,0
1351842,5,152,73,12,301,27.21171043,0.859881562,22,1
1885666,0,85,79,33,173,20.83226654,0.128112035,22,0
1826427,0,159,79,32,45,38.95567919,0.120875595,23,0
1963809,1,94,77,34,49,21.27893791,0.156431348,26,0
1837600,1,92,57,34,230,20.28142227,0.508446542,26,0
1702831,0,173,79,38,18,18.44195404,0.205614799,22,0
1485648,0,119,49,45,15,21.63602127,0.216524896,25,0
1379740,3,98,53,25,49,22.77793745,1.240673967,41,1
1112435,0,94,60,53,33,21.19050278,0.202778118,21,0
1109708,1,121,50,11,36,18.37354357,0.266843565,24,0
1638911,5,87,91,25,198,40.46093631,0.72255378,46,1
1036077,1,150,50,30,171,39.50452308,0.10157092,25,0
1485829,1,130,51,9,37,19.22606912,0.246625638,22,0
1840388,2,81,79,69,20,35.09364355,0.766682932,47,1
1150953,3,115,105,26,61,43.04256037,0.825037821,22,1
1631905,1,99,58,16,40,21.52408493,0.078288924,24,0
1712440,1,141,45,10,23,35.98996017,0.649486097,71,0
1126786,1,95,61,21,208,20.19910907,0.131661188,23,0
1946624,7,91,90,9,21,35.52459258,0.107126616,23,0
1082190,0,71,54,9,132,37.35509917,0.570020882,26,0
1455918,1,80,33,42,47,38.38433289,0.485309158,21,0
1306194,0,153,41,9,27,45.15363745,0.142069434,50,0
1507697,6,52,55,24,189,48.11335344,1.005094135,25,0
1346138,0,69,95,10,41,19.44207729,0.143682798,26,0
1493344,4,177,62,45,379,29.97818446,0.093548264,22,1
1307708,2,57,41,12,41,21.17693906,0.118379266,23,0
1324291,5,142,72,29,73,48.01862561,0.096092848,46,1
1559505,9,86,61,55,52,27.54019676,0.092377143,22,1
1450883,0,129,86,34,39,40.92494644,0.152670843,26,0
1424365,8,48,59,57,23,21.62770999,0.457817252,23,0
1709930,1,73,45,10,21,21.83516638,0.090507491,49,0
1346723,3,73,108,35,27,21.53049111,0.10782849,69,0
1294836,9,59,83,36,192,45.45506429,0.166559527,32,1
1877659,6,109,42,8,180,18.55950538,0.108163557,33,0
1898327,0,77,81,43,208,40.02894003,0.104552252,26,0
1886038,9,105,81,39,92,42.93035199,0.827364217,46,1
1568618,0,118,41,17,184,42.44204188,0.432746806,21,0
1853761,9,125,100,41,97,37.61766519,0.112313711,59,1
1469718,7,173,96,8,18,34.89077747,0.952153983,25,0
1702050,11,96,70,22,203,34.65283857,0.301343308,22,1
1130750,8,93,67,11,173,42.21253312,0.184237035,22,0
1118301,10,103,87,46,60,21.01482884,0.099750128,31,0
1539562,0,74,92,7,30,21.9411639,0.123128195,30,0
1709678,6,67,81,12,87,28.747909,0.752661898,43,1
1470117,1,159,52,9,196,38.31316642,0.572971271,24,0
1511633,3,154,82,9,85,55.42743818,1.037706263,35,1
1189025,4,177,63,46,327,42.92437591,0.454160664,22,1
1968775,4,122,62,8,78,34.10921729,0.790801354,26,0
1878475,2,140,69,22,366,43.12392916,0.137478525,60,1
1368156,7,99,75,34,140,35.18991879,0.156607719,42,1
1875064,8,100,91,45,291,31.76943461,0.078899359,21,1
1965144,5,115,65,21,186,39.62663148,0.171566432,31,1
1685935,1,78,64,32,145,44.90626579,0.184723021,22,0
1501012,1,127,49,12,158,20.25555038,0.170650776,22,0
1707884,8,145,67,23,343,42.72825272,0.300207733,23,1
1689589,0,93,79,34,182,37.7424209,0.709709314,22,0
1365827,1,108,78,23,529,51.3342463,0.100002944,44,1
1681323,6,107,77,14,91,31.05567206,0.834262886,40,1
1178678,1,124,86,12,64,37.7153375,1.508188602,21,0
1811746,3,112,81,42,476,21.45115592,1.45233358,21,1
1888466,0,96,63,48,24,36.1985076,0.137800172,21,0
1169969,0,139,56,52,49,47.11482762,0.154098209,21,0
1253692,6,106,76,12,175,36.8547475,0.985403771,23,1
1153574,5,149,63,41,558,45.22166233,0.607661211,37,1
1738437,0,90,81,29,16,19.33232317,0.088286753,23,0
1497210,0,182,84,9,219,18.56727439,0.147277796,30,0
1201992,9,108,80,11,167,37.70347432,0.168873351,22,1
1008017,10,169,94,23,81,28.25038417,0.102593749,44,1
1387457,7,150,78,13,139,21.93193402,0.117868585,46,1
1013416,2,148,65,46,153,34.27763428,0.199925663,21,1
1534361,0,79,84,33,43,39.65372538,0.45772623,22,0
1780480,3,119,60,43,94,19.08587182,0.11127485,34,1
1683253,0,82,51,44,51,37.66741388,0.184989424,23,0
1802382,2,180,82,47,65,29.66365103,0.183305467,67,1
1649656,4,101,99,34,167,28.19913354,0.139713489,21,1
1551567,5,122,80,28,142,36.06670427,1.567634863,46,1
1307046,5,190,61,14,79,29.43544357,0.132666941,43,1
1232127,1,85,87,45,48,27.73728465,0.164735157,54,0
1550102,0,52,83,24,26,36.98112443,0.197205981,46,0
1823318,1,136,59,10,183,20.89254107,0.572050497,31,0
1056215,1,89,83,10,44,45.95553977,0.647475086,22,0
1108195,9,169,97,15,40,44.53707329,0.148290893,31,0
1485813,0,119,70,32,51,35.2968848,0.203459271,34,0
1154462,0,74,57,19,29,40.97142448,0.687481963,24,0
1781099,1,82,67,34,405,38.38239573,0.189386544,22,0
1911732,5,80,89,42,162,27.90496302,0.147872262,21,1
1527292,1,155,58,34,41,39.00540407,0.099971466,21,0
1260529,0,161,86,11,39,22.03963879,0.216774068,24,0
1357018,9,117,67,13,192,41.43888262,0.119083741,60,1
1029442,1,79,51,46,29,38.07262237,0.089298282,26,0
1532877,1,90,83,25,151,45.835938,0.110262895,23,0
1972165,0,119,57,11,19,21.47946575,0.084805669,21,0
1384739,1,114,80,9,187,21.44376751,0.117963842,22,0
1411220,9,109,85,44,173,23.93117278,0.87863959,42,1
1972981,5,93,90,14,93,36.20820781,0.082991404,43,1
1427178,1,52,73,39,23,40.51853999,0.485634965,22,0
1230322,1,158,70,48,27,21.2204636,0.236625737,31,0
1262001,1,79,56,33,320,21.03120377,0.164861497,31,0
1367538,1,122,55,44,191,38.57840772,0.142493504,22,0
1768763,0,90,94,37,43,19.05095587,0.463760549,22,0
1785769,0,126,87,53,26,19.07931031,0.159955067,26,0
1792330,6,174,80,14,93,33.02058974,0.11820229,46,1
1987477,0,72,81,28,150,21.16974509,0.426385344,22,0
1073718,0,117,110,8,239,21.79527953,0.171788109,21,0
1057647,1,92,46,9,36,20.65097553,0.562552066,23,0
1387546,9,77,47,32,179,21.06446552,0.121474221,25,0
1587626,0,126,92,35,76,18.95130843,0.110458003,25,0
1391281,10,133,83,36,24,40.53450285,0.260908194,21,0
1793808,3,85,54,11,19,37.77170172,0.814481738,21,0
1363777,0,99,40,30,271,42.31432707,0.483532562,26,0
1079543,2,154,67,45,291,42.35009864,1.550117303,21,1
1347052,0,117,84,45,18,45.06169068,0.653108748,25,0
1605011,0,99,83,36,204,19.5060564,0.177220719,34,0
1896671,1,96,54,23,21,19.69851046,0.17169118,30,0
1308872,3,115,49,42,30,21.22333505,0.191272092,21,0
1295464,4,104,61,14,152,35.49170959,0.107269615,21,1
1108825,1,89,90,40,46,19.67879201,0.171434068,23,0
1902710,1,47,50,42,252,20.9882936,0.174505991,43,0
1575525,0,147,54,11,126,38.80958858,1.058998619,22,0
1959435,2,105,59,86,81,40.87349641,1.053761737,22,1
1345947,0,103,56,19,36,27.62790461,0.168637532,25,0
1110706,9,93,64,44,694,22.06865641,0.136618975,21,0
1322110,3,123,66,50,249,37.14744449,0.152868321,21,0
1079811,5,116,83,25,557,28.72164925,0.095186624,22,1
1263939,2,63,62,21,66,30.68765622,0.159887253,22,1
1502569,0,94,74,36,66,37.60588076,0.120405093,35,0
1645114,1,77,83,15,63,19.71873186,0.211273615,22,0
1488891,0,71,56,14,48,31.5209968,0.139889212,22,0
1710583,0,104,83,10,161,21.20048356,1.038117506,22,0
1687865,3,65,44,10,557,39.91282787,1.34758781,58,1
1766790,0,162,65,18,16,45.7795931,0.188987721,23,0
1058471,1,70,77,31,55,21.70920121,0.492886739,64,0
1259569,0,131,67,15,254,19.17794964,0.481234064,23,0
1055240,5,89,61,28,17,21.87480492,0.296749435,21,0
1115206,10,165,93,43,21,37.75516654,0.11706868,23,0
1813510,1,96,65,24,32,40.37635619,0.25981509,21,0
1258326,4,108,95,51,372,45.92168495,0.463611824,43,1
1992687,1,78,80,41,22,39.21138098,0.080914541,22,0
1256170,2,117,67,40,65,22.38600967,1.399003062,21,1
1702503,1,87,66,11,225,18.6969372,0.855166209,31,0
1537101,8,107,46,47,203,33.43246189,0.183837814,43,1
1293608,7,159,59,40,34,34.70456208,0.209477494,24,0
1184026,9,67,83,45,169,34.49002462,0.106801832,23,1
1909805,0,68,44,9,164,18.37947371,0.103306725,25,0
1628326,0,130,42,41,261,41.51398269,0.183660597,23,0
1970387,6,88,66,40,79,37.08542215,0.783905885,35,1
1045355,0,119,48,11,28,29.75437431,0.857756499,25,0
1653309,8,99,66,15,66,30.79379438,0.118832094,45,1
1160273,1,156,81,19,143,21.42650738,0.119715262,22,0
1207260,0,90,56,8,191,20.89769726,0.101860414,24,0
1629871,0,87,68,15,176,37.46483893,0.143494556,25,0
1532436,3,106,65,39,96,36.4139253,1.492568225,21,1
1860407,7,159,81,45,159,21.54248971,0.174017934,23,0
1683490,3,169,59,89,316,39.54356039,0.189235403,22,1
1870508,0,154,54,8,25,19.2745657,0.208210672,23,0
1866499,11,135,60,70,57,30.36905403,1.496926081,30,1
1400178,3,106,70,21,79,42.13813524,0.08169049,45,1
1595459,0,77,51,23,79,37.43019276,0.173407576,35,0
1759154,5,176,86,12,73,43.80220819,0.176042207,47,1
1706423,0,73,80,44,22,19.53211362,0.088587235,22,0
1407343,5,143,60,14,65,31.28883631,0.097181142,41,1
1455510,1,113,68,17,317,40.56803895,0.264850568,26,0
1735598,0,152,53,21,152,37.61585303,0.079815213,21,0
1006839,2,159,74,16,14,45.62033465,0.168506562,31,0
1472779,3,180,62,39,51,54.9719817,0.135111259,22,1
1513910,0,150,48,32,21,30.84980879,0.088961988,23,0
1566452,3,98,69,23,94,30.18654812,0.215791971,40,1
1337719,0,121,86,26,85,28.23985002,0.239787231,22,0
1994069,6,51,90,11,228,20.22989752,0.689004793,21,0
1344855,1,72,62,39,277,21.91386012,1.064772911,24,0
1350711,3,45,61,48,169,31.02202183,0.727597994,48,1
1345907,8,129,55,50,54,25.83721508,1.041045506,67,1
1193534,0,134,82,7,40,21.15955185,0.20242626,48,0
1604835,1,104,79,41,33,41.45657514,0.300991626,22,0
1979768,4,104,54,45,92,26.12556382,0.780296037,30,1
1312606,3,180,66,25,28,31.9753005,0.105521172,39,1
1635127,1,110,80,33,164,37.82352357,0.110780838,51,0
1145623,3,112,50,9,84,21.37699548,0.144945175,21,0
1227598,7,151,62,25,38,37.93406563,0.224424464,24,0
1854671,1,53,78,44,29,18.41340243,0.127918854,23,0
1467503,0,95,47,18,33,43.2276561,0.753080743,22,0
1731359,8,137,65,45,71,26.47925691,0.154276056,46,1
1398288,1,71,71,16,32,46.38280638,0.107268498,21,0
1817445,0,120,53,44,672,42.93873815,0.29668982,23,0
1613967,2,113,89,23,44,25.43791185,0.078168909,57,1
1470320,1,48,86,8,27,18.74967828,0.77134064,52,0
1068788,2,114,79,14,29,40.75170114,0.195747217,21,1
1854083,4,72,44,9,29,20.75382827,0.913403956,21,0
1219356,0,157,92,8,193,37.28948346,0.41899485,23,0
1371997,0,100,74,42,40,46.99446876,0.093786178,21,0
1912282,0,71,79,33,54,21.16718186,0.219075282,21,0
1064769,0,149,91,43,77,21.60143094,0.119056131,45,0
1570533,0,82,56,12,158,43.49831639,0.184537006,21,0
1385213,2,130,81,52,85,29.60760649,0.20283568,46,1
1988518,6,107,78,11,78,39.1571132,0.129383554,22,0
1863874,1,118,65,27,91,51.19712921,0.165318869,62,1
1325331,3,101,61,42,556,30.75378074,0.08829665,22,1
1746176,0,170,83,26,130,21.39418804,0.100840149,22,0
1898368,1,151,91,54,74,31.31904111,0.754056481,21,1
1108020,0,149,68,28,675,42.74854606,0.264081158,42,0
1830187,0,172,96,22,36,40.28299572,0.079727878,22,0
1967878,9,117,80,9,618,34.51972494,1.364984411,21,1
1246623,7,73,54,28,19,20.88854421,0.117419774,25,0
1716131,7,91,91,25,65,37.21293313,0.093140364,23,0
1437526,7,74,57,11,40,21.10694858,0.143605786,23,0
1805252,2,118,68,40,385,36.13286146,0.496381457,61,1
1504361,0,88,85,17,29,21.89473888,0.163747605,33,0
1831402,9,103,97,45,326,20.08661239,0.165847482,44,1
1189396,1,82,42,11,189,40.16932396,0.168479225,22,0
1358980,3,50,63,12,295,25.47597304,0.146249405,41,1
1196327,10,106,97,21,72,35.90356316,0.139988741,22,1
1674750,6,104,39,41,37,20.44019671,0.213522912,22,0
1902967,0,145,46,34,192,19.39858266,1.243865443,34,0
1121073,7,113,80,23,35,35.47539386,1.090260417,45,1
1077085,0,94,113,46,43,20.20832525,0.127534399,25,0
1702212,0,107,64,9,39,20.16209643,0.753785104,21,0
1331051,4,104,61,37,346,23.92450231,1.268540595,60,1
1462308,0,93,81,44,193,20.35120644,0.147713997,22,0
1274925,0,171,63,8,77,20.46491088,0.148391768,33,0
1215933,6,92,93,22,237,48.68256451,0.255041869,26,0
1747424,5,111,67,45,202,38.33163031,0.085155596,22,1
1446164,4,176,83,27,512,21.42672722,0.179558091,47,1
1384191,0,67,92,28,45,20.9128224,0.126779469,23,0
1211242,5,151,53,11,88,26.08261572,0.239094705,21,1
1493690,0,129,85,42,204,36.07205501,0.120267348,32,0
1206928,1,68,92,10,15,21.39525658,0.662820539,24,0
1578335,3,99,78,54,89,55.29288281,1.001992651,21,1
1373831,0,140,51,40,35,21.77481422,0.168882833,23,0
1741923,2,102,85,48,221,34.20400565,0.088699169,40,1
1646264,7,58,80,35,153,21.55001076,0.455945947,22,0
1886726,1,84,68,12,161,21.18834523,0.215408416,23,0
1830704,0,103,95,38,28,41.42078939,0.873992144,69,0
1322336,1,82,84,10,43,31.84367943,0.784730247,22,0
1716866,0,147,92,15,647,19.40908647,0.10298668,21,0
1184806,10,89,58,41,15,49.30777706,0.480920609,23,0
1809716,4,59,45,25,413,27.38077463,0.080459426,45,1
1231725,3,152,84,7,221,38.37999243,0.084180237,29,1
1966668,0,107,90,40,62,21.43062797,0.192926908,25,0
1163269,1,82,53,9,35,47.84415464,0.970805956,21,0
1710828,9,147,67,42,60,42.83876199,0.172160263,26,0
1927272,6,135,86,39,285,46.91519957,0.171129585,28,1
1279826,1,116,58,29,20,21.80287123,0.810364003,38,0
1667507,4,137,55,20,87,22.22473731,0.177427756,42,1
1233585,0,165,78,35,215,41.6738043,0.254927901,42,0
1342627,8,170,88,25,41,30.7567004,0.14676045,44,1
1174832,5,96,86,13,208,31.23734273,0.165695648,22,1
1104576,1,127,50,35,27,42.12714457,0.095653879,30,0
1934836,0,73,78,18,670,20.61388815,0.803162886,22,0
1314703,7,85,96,16,49,20.38911274,0.104455246,24,0
1343639,0,107,39,43,26,20.92566713,0.562194037,50,0
1982868,2,117,93,46,71,18.4655171,0.152381078,58,1
1264300,1,91,46,33,82,21.95761576,0.183829418,26,0
1243580,6,97,68,21,215,27.3423995,0.711976301,47,1
1707129,10,131,64,11,24,39.55180802,0.187562757,30,0
1478779,0,157,84,27,71,21.00316787,0.261932569,25,0
1188057,1,81,67,11,47,43.26253804,0.660527753,21,0
1658342,0,98,80,40,31,36.06598506,0.090455641,58,1
1870831,1,151,60,10,26,19.44645918,0.177315415,47,0
1377840,0,52,82,44,19,19.31823969,0.775515896,21,0
1049611,5,98,82,26,67,45.93010609,1.144263742,22,1
1698978,9,160,56,35,341,21.29814435,0.174125517,24,0
1998870,8,118,72,39,68,25.22620196,0.574688415,22,1
1017053,0,98,59,33,124,41.00019528,0.099192797,23,0
1626508,1,144,82,41,27,21.66317292,0.093499063,26,0
1003716,2,107,73,43,24,21.53138355,0.242242855,34,0
1091469,3,141,82,45,247,41.49650443,0.269035415,22,1
1268043,6,56,65,28,196,30.7327185,0.592868822,21,1
1245255,7,126,79,9,41,20.80307369,0.978855248,22,0
1169053,2,50,95,27,85,36.50126135,1.528636097,55,1
1712188,6,135,55,33,152,20.60144371,0.676183419,26,0
1949961,3,109,79,28,37,45.01625092,0.629432857,22,1
1235894,5,74,82,38,262,33.99905662,0.900264847,61,1
1700813,1,72,82,11,145,40.91822117,0.166562254,23,0
1553945,0,93,90,27,23,33.63104346,0.986559366,26,0
1554536,1,157,80,30,44,20.60868207,0.097819794,23,0
1824044,1,159,55,11,168,20.62306145,0.294020056,35,0
1051156,0,91,77,7,702,20.53638284,0.161815577,25,0
1190809,7,90,63,40,667,37.15910833,0.115395369,44,1
1624977,3,126,63,7,50,36.01669744,0.094461642,22,0
1902200,1,67,88,44,169,21.82613059,0.452785415,24,0
1859215,0,128,66,46,144,24.246684,0.225929568,24,0
1023350,6,138,73,28,65,33.06675311,0.519566821,60,1
1396646,0,70,102,35,172,21.46478812,0.092767117,42,0
1504827,0,96,54,20,84,49.58516126,0.657576624,35,0
1787850,0,79,62,33,186,19.53607517,0.417611221,24,0
1628798,4,90,82,48,20,31.97327195,0.869427667,23,1
1287754,1,52,49,20,21,42.82139307,0.495416562,59,0
1573098,3,74,98,11,256,27.71406007,1.374360098,22,1
1944162,3,174,85,30,275,38.0339122,0.189819892,38,1
1082212,4,97,60,24,15,30.2503141,0.10960816,24,0
1486830,4,108,65,38,189,44.495028,1.554254751,43,1
1087845,6,148,68,11,31,22.00525416,0.302804726,23,0
1862336,9,101,79,22,269,31.44743688,1.182258654,45,1
1770411,9,69,85,45,155,47.19335611,0.32067799,65,1
1496443,9,135,57,31,51,21.74655637,0.727138005,25,0
1254735,7,174,86,52,198,26.65494058,0.107101505,36,1
1709731,0,112,57,33,159,37.46997343,0.112575863,21,0
1321224,0,84,49,20,17,32.19268912,0.494976901,21,0
1018421,0,92,86,46,71,21.21966289,0.265308766,24,0
1315597,9,129,88,45,139,20.75951475,0.684136864,23,0
1447157,7,51,78,19,17,20.06033735,0.13660372,33,0
1282856,7,126,54,10,48,19.28287281,0.75168663,25,0
1422731,7,47,100,25,349,30.69292856,0.148304954,47,1
1067247,8,118,69,46,50,45.62556486,0.575291802,35,1
1536993,1,126,51,10,209,20.07815873,0.526893588,21,0
1375443,1,49,58,9,344,36.72964013,0.078673615,23,0
1848873,8,132,50,20,215,33.63085959,0.168955686,24,0
1116268,0,141,65,21,232,20.41471592,0.230871205,21,0
1345618,5,149,96,23,251,55.40126826,0.182842095,22,1
1796774,3,101,80,56,178,25.20192167,0.252126432,38,1
1258476,1,150,54,10,201,20.35356391,0.220736049,32,0
1552647,0,118,53,19,194,43.13615085,0.101212509,25,0
1642968,3,174,70,45,223,36.223568,0.156327571,22,1
1744950,1,113,60,7,14,22.03312924,0.796320087,21,0
1640082,0,128,92,46,168,20.33217951,0.16910243,71,0
1025402,1,93,57,8,63,34.03868073,0.563869078,21,0
1543232,5,59,90,44,95,37.41921201,0.169095029,41,1
1727904,1,159,108,44,213,18.71171864,0.168411781,26,0
1968293,0,79,48,34,22,19.4330154,1.849376523,23,0
1304412,0,119,58,54,201,19.97423656,0.135092305,26,0
1441021,0,161,40,15,197,21.0515136,0.219756432,26,0
1013007,13,174,67,40,258,23.45191872,0.127596643,22,1
1553898,1,105,59,10,17,39.6748087,0.990314683,26,0
1792673,1,55,85,32,27,20.31986021,0.119435934,26,0
1790074,6,95,98,11,130,18.22930688,0.187304409,23,0
1742063,7,77,60,7,25,42.74994231,0.977406446,26,0
1927159,10,74,82,35,35,35.50206496,0.228513166,21,0
1544846,0,158,94,35,51,32.02988649,0.105302068,22,0
1058370,2,110,81,52,83,36.99423217,0.67237666,47,1
1096088,0,102,96,32,342,21.43615179,0.12878235,22,0
1901733,3,169,68,9,424,18.40366987,0.750478018,45,1
1447903,6,103,91,29,205,45.45578729,0.156622902,42,1
1331647,13,96,66,48,48,36.17436853,1.294609678,39,1
1565076,1,45,77,10,164,19.43114385,0.223024949,23,0
1779848,1,95,59,35,26,35.99333555,0.252504789,22,0
1584275,1,95,58,23,36,20.40644114,0.197468918,35,0
1920117,4,92,69,13,301,28.9013797,0.857946334,60,1
1799381,2,112,72,52,607,32.59109172,0.125083314,43,1
1073333,0,56,64,42,127,19.50357127,0.955459351,22,0
1891451,0,95,61,10,46,22.00962758,0.606673422,23,0
1867399,1,123,78,39,324,37.65994256,0.208482489,25,0
1081354,0,95,91,24,14,38.31118493,1.086790902,30,0
1374025,0,80,95,34,36,19.13577156,0.66512333,22,0
1935586,1,91,64,11,237,36.21101524,0.161859402,23,0
1775731,1,105,69,56,330,31.09584768,0.596718215,40,1
1794234,7,153,59,26,214,19.19220297,0.150154746,21,0
1719403,1,119,92,10,32,43.11476207,0.164899396,23,0
1406250,0,91,65,10,137,36.56488608,0.263327807,25,0
1698276,8,105,47,24,163,31.5200037,0.088650168,52,1
1969059,0,112,52,20,39,21.10072922,0.24411844,72,0
1401533,12,113,59,13,97,35.02139298,0.083481031,21,1
1623990,1,74,104,8,35,18.51370433,1.248750026,22,0
1976283,6,150,66,46,290,30.48341629,0.100400367,35,1
1139717,2,71,25,32,46,20.46456459,1.047128151,21,0
1976257,9,115,48,56,49,35.1926729,0.528145786,45,1
1114994,0,132,33,35,156,20.75634504,1.074995727,23,0
1574144,0,154,83,42,125,20.5461457,0.130944165,21,0
1606305,2,98,81,43,91,26.20461947,0.189788525,21,1
1808464,4,110,91,12,24,37.09185831,0.143959334,21,1
1244963,7,81,86,30,67,41.77868053,0.872753938,22,0
1694531,9,85,72,7,24,21.25305382,0.702865951,23,0
1589732,9,130,84,44,23,18.42772054,0.140269539,22,0
1293627,6,88,50,38,19,18.40629177,0.185425942,34,0
1863143,1,132,65,44,23,20.20480581,0.418088791,25,0
1065823,1,88,82,7,147,20.1677591,0.182125311,23,0
1800885,6,107,59,41,90,46.46172929,0.165244202,62,1
1628974,0,139,59,44,129,19.59939984,0.116548483,21,0
1082740,4,141,92,26,62,20.37508844,0.184079622,21,1
1147421,1,106,91,23,46,37.58702151,0.155787115,21,1
1490092,2,170,52,25,234,55.97531058,0.187992669,57,1
1831191,1,92,59,9,161,42.01249982,0.13584716,46,0
1402401,1,96,63,44,190,35.65222431,1.570058393,46,1
1887806,6,85,57,11,31,18.41009031,0.094348425,24,0
1052962,6,121,70,44,267,29.36509631,0.137064014,35,1
1926323,5,106,50,14,176,19.38769264,0.543332657,38,1
1907459,10,178,83,22,85,41.83382786,1.057713308,47,1
1063821,6,114,81,23,166,34.10136529,0.498660386,32,1
1169612,2,109,81,47,276,46.56208845,0.945691502,21,1
1020767,0,166,91,11,18,21.48697682,0.116305268,68,0
1996565,5,99,59,14,175,30.92823017,0.085879549,47,1
1041440,2,108,66,13,62,36.70927698,0.864674157,22,1
1132025,6,162,55,10,144,37.04775916,0.186068468,21,0
1616145,0,59,64,22,67,43.23333945,0.587411142,23,0
1780978,1,127,61,35,153,18.3826735,0.778314024,35,0
1539975,7,80,58,33,25,43.44695797,0.267703123,21,0
1025203,0,147,84,15,29,21.98378771,0.213173279,25,0
1115392,1,150,53,32,41,21.11109895,0.124346302,21,0
1920817,1,145,97,45,637,40.24736235,0.079562448,23,0
1918588,4,91,69,24,60,30.6249752,0.117302527,21,1
1691945,3,173,111,8,44,19.16768165,0.301097237,21,0
1217401,0,90,59,17,25,21.15310818,1.139849594,25,0
1706144,0,83,85,7,142,47.47752781,0.171891426,23,0
1843822,1,133,84,9,29,32.57655046,1.057554208,44,0
1345630,8,103,63,39,179,35.36583121,0.273511716,21,1
1380547,10,109,52,44,95,35.80604642,0.170271525,45,1
1216216,6,118,97,57,211,40.55852729,0.0955587,58,1
1087379,0,57,80,55,50,21.83127828,1.312259625,26,0
1373154,0,93,57,32,64,38.29012957,0.170646285,21,0
1873410,1,87,79,24,85,19.90836015,0.160852801,26,0
1869743,7,71,92,55,31,32.24736388,0.26364124,22,0
1613113,5,127,57,23,273,36.4511105,0.08458803,33,1
1473353,5,117,62,13,660,44.73622165,0.125659382,61,1
1673315,1,113,91,35,175,32.85442812,0.105479313,23,0
1621888,2,176,60,54,190,46.19693802,0.532127101,60,1
1450623,1,164,78,46,341,18.76872846,0.127150255,23,0
1878702,0,84,27,32,22,44.97583834,0.112588405,22,0
1109135,6,68,79,37,43,19.97864218,0.13859866,23,0
1383894,1,151,65,34,156,38.30942642,0.164821164,58,0
1807297,1,112,77,19,194,39.03612778,0.277091363,22,0
1358488,0,149,85,43,24,20.11562181,0.268099669,23,0
1444085,0,151,56,7,30,18.918172,0.105880706,25,0
1565397,4,113,43,7,374,37.46672753,0.865363787,22,1
1654715,0,125,54,18,30,21.50384398,0.298797296,31,0
1978131,1,75,91,8,301,43.66778802,0.862075845,23,0
1837672,6,83,56,41,33,22.06680324,0.181189705,41,0
1429327,0,83,59,15,224,38.50090033,0.464698952,22,0
1989522,1,168,77,44,131,37.00518196,0.773273016,24,0
1105678,6,158,61,31,26,41.2704834,0.146988323,25,0
1035496,10,140,90,28,57,43.94900689,0.163744709,47,1
1879697,1,116,56,13,138,26.64687293,0.239664211,21,1
1301329,1,50,89,44,17,30.75007882,0.499215063,21,0
1405747,5,76,72,56,180,25.49197081,0.520842914,32,1
1866717,2,82,51,43,282,21.5527955,0.112372393,23,0
1261124,2,141,101,22,171,48.66724971,0.623635003,26,0
1663151,7,142,46,19,39,18.42175165,0.078458545,30,0
1065860,1,119,113,32,48,19.41610364,0.833043873,22,0
1805351,0,88,50,43,140,18.69657923,0.171035503,43,0
1566518,4,82,64,40,185,32.72496306,1.535528385,22,1
1374705,8,104,66,7,35,19.6069102,0.776094295,24,0
1028002,10,53,91,45,42,22.07478022,0.218160838,22,0
1937379,0,56,83,18,25,21.2272119,0.501813984,35,0
1976121,7,103,83,15,143,45.98875913,0.152013227,23,0
1643961,11,73,94,34,185,20.39940188,1.020456064,25,0
1522999,0,122,52,28,247,37.53181477,0.290160277,21,0
1215022,7,138,80,43,24,40.16052963,0.145796022,70,0
1697343,1,169,51,30,381,21.2618465,0.262161937,77,0
1733191,3,92,86,7,124,33.4925111,0.146695327,26,0
1727418,0,127,65,24,255,20.63805473,0.293303141,21,0
1491546,7,118,91,45,60,45.24643661,0.131748283,24,0
1221004,6,157,93,11,44,20.32367714,0.190480265,22,0
1390717,3,105,46,52,302,32.25136156,0.103085352,21,1
1536910,6,106,81,27,199,26.531494,0.080785448,23,1
1841195,12,113,70,43,545,25.20443988,1.11759951,47,1
1110672,0,112,56,57,81,19.298447,0.188637976,32,0
1000677,10,114,79,35,161,21.29585018,0.18143436,23,0
1603598,7,107,105,33,16,20.76216273,0.086863405,25,0
1597696,6,117,66,12,229,25.32054727,1.553289911,21,1
1751186,3,145,44,34,359,50.3357875,0.892628936,22,0
1312580,0,164,81,22,21,20.4386189,0.133971362,33,0
1023245,3,103,54,47,94,55.14942833,0.316474755,21,1
1058587,1,86,83,46,141,18.22359734,0.835975737,32,0
1244409,7,96,61,12,90,30.05283335,0.082423031,46,1
1414127,9,95,60,56,81,28.4665971,0.163746747,22,1
1165528,9,126,57,31,159,19.97422504,0.78706667,31,0
1713553,1,52,51,17,45,21.09581722,0.185346515,21,0
1361820,1,71,80,35,230,43.60069262,0.77859664,26,0
1764548,3,116,74,23,61,21.05604271,0.150987173,21,1
1083327,3,105,76,8,64,21.49124855,0.943805896,53,1
1608698,0,71,62,35,15,38.00686245,0.092470443,21,0
1128358,0,80,58,10,210,20.31828003,0.661503318,49,0
1460928,0,44,44,26,212,20.89763823,0.278897761,24,0
1759787,10,57,50,7,392,42.64391209,0.125797426,24,0
1514488,1,139,76,41,178,53.52210454,2.272987536,56,1
1796684,1,127,82,29,130,18.62002771,0.53976438,50,0
1213951,1,77,82,10,22,36.74757351,0.518201115,48,0
1135797,0,78,78,52,27,19.46285212,1.206053519,67,0
1965108,0,117,50,31,126,20.42536504,0.145806061,22,0
1829823,4,97,65,15,191,32.37268925,0.136902819,57,1
1454860,0,171,45,36,35,37.02405847,0.606609692,22,0
1350331,6,93,71,74,485,26.04535464,0.178871644,22,1
1746312,2,80,91,42,65,20.96372449,0.281281042,21,0
1914458,6,107,50,44,26,30.91554576,0.085004037,21,0
1539655,0,87,59,41,174,36.2705277,0.225748913,26,0
1468037,9,47,65,47,229,29.10520538,0.154112075,30,1
1793806,0,89,81,24,215,20.1470887,0.464977884,22,0
1025891,0,97,55,12,160,18.3590448,0.239702281,40,0
1808057,0,115,63,15,231,37.32959115,0.83895563,24,0
1797087,0,157,67,55,18,20.24625015,0.167291927,24,0
1362003,3,102,67,28,88,47.17865424,0.131512031,45,1
1401070,10,129,83,8,69,21.40381947,0.182621423,26,0
1009936,1,72,25,41,210,42.88668307,0.085660242,21,0
1412302,3,148,92,27,58,26.67934221,0.902673249,44,1
1054959,3,115,94,31,169,44.36585896,0.587583077,23,0
1110679,7,92,55,35,87,18.30355861,0.626766349,25,0
1661880,1,87,68,15,187,36.05124619,0.087006891,26,0
1735825,13,141,70,21,269,36.14504361,0.202554862,56,1
1335573,9,63,78,38,285,30.80504269,2.180053884,22,1
1771543,5,102,85,41,57,30.88417682,0.140423994,28,1
1568382,5,49,87,53,61,39.6408969,0.159306602,22,1
1203703,9,132,61,43,70,43.00226732,0.448715746,26,0
1373258,0,78,56,28,161,18.55609745,0.669052783,26,0
1759600,1,116,83,45,25,21.68146661,0.150055619,21,0
1272653,1,97,88,34,87,20.77001522,0.219736807,26,0
1883154,0,158,58,37,25,21.5403949,0.115589339,25,0
1941642,10,87,52,33,35,38.41046409,0.172016027,25,0
1612376,0,113,91,43,168,19.74512708,0.172985383,21,0
1739955,1,69,83,20,14,38.96240215,1.832942875,24,0
1177721,8,57,79,41,54,32.74338344,0.109897282,21,0
1392946,0,94,49,9,158,20.34546941,0.13599845,23,0
1862093,6,144,88,40,222,55.39206268,1.490296377,22,1
1855527,0,70,111,11,50,19.15993491,0.240291858,21,0
1201431,6,111,83,21,385,50.91245066,0.820567567,47,1
1912130,1,57,79,48,138,21.38742426,0.145657308,25,0
1648475,1,122,87,36,47,21.68099703,0.120572248,26,0
1496758,2,53,79,41,24,35.40465077,0.774385476,22,1
1301009,9,86,54,47,14,30.93754146,0.189482251,21,0
1867809,10,97,64,57,195,20.53229907,0.152381802,45,1
1907338,0,52,81,36,60,37.28489093,0.466965425,23,0
1280065,1,118,64,41,146,21.4031947,0.588317873,21,0
1256128,4,88,52,46,166,43.18340066,0.481177289,24,0
1030278,8,173,87,23,76,31.00501424,0.151916623,61,1
1174479,0,142,51,57,150,22.03782572,0.21140775,24,0
1332082,3,99,74,45,192,20.99543755,0.101987243,44,1
1830441,1,76,54,34,42,21.7958559,0.143364262,22,0
1765368,12,117,60,42,85,39.49993946,1.522654015,55,1
1217063,10,111,80,49,443,44.82838463,0.944891431,40,1
1301364,3,92,87,41,77,20.6409961,0.535010781,64,0
1268615,11,140,79,89,79,29.15554259,1.060676458,46,1
1253967,0,114,65,9,93,29.45722485,0.181193254,21,1
1970419,0,52,49,34,74,39.41118382,0.107663856,23,0
1004711,0,82,90,7,253,37.19928451,0.269916331,51,0
1684670,1,123,49,52,183,38.05797526,0.1679317,33,0
1346901,0,92,80,38,35,20.47149084,0.174800737,26,0
1031011,1,87,50,37,30,41.77070053,0.163891402,23,0
1329804,0,90,94,33,257,21.67490652,1.055588336,24,0
1442049,0,122,75,34,51,20.15740971,0.659965724,26,0
1983573,8,111,70,43,171,22.31845762,0.804045428,22,1
1264727,7,85,81,10,207,21.50147112,0.239203125,21,0
1516566,0,114,41,20,192,39.11974537,0.182786135,23,0
1432521,1,54,56,35,48,18.71231357,0.131127834,23,0
1704859,1,104,47,46,95,46.69094128,0.507370183,62,1
1460998,3,82,84,15,216,32.81455709,0.184707176,47,1
1959908,7,78,58,35,165,25.73439795,0.087631553,34,0
1052156,9,126,70,35,153,19.29396483,0.098620946,26,0
1298872,0,86,48,19,137,40.0157346,0.608892187,26,0
1106211,1,104,84,11,80,21.35137871,0.433392452,25,0
1282226,1,97,56,34,22,21.21973603,0.097670502,24,0
1538593,11,64,68,24,247,38.31984692,0.709449954,46,1
1031052,9,90,103,47,67,25.94808824,0.480745226,43,1
1581722,3,92,54,15,57,35.30597173,0.122636758,53,1
1577296,10,86,58,32,27,21.64699609,0.200064702,22,0
1741555,8,116,78,22,68,50.64405372,0.169105378,22,1
1451753,5,120,92,22,75,31.72782528,0.678936004,38,1
1609421,6,87,49,24,45,20.254712,0.095471873,32,0
1529149,5,121,76,33,83,42.51308415,1.123636885,42,1
1720534,0,97,81,9,164,19.40036752,0.442601234,44,0
1815318,3,111,90,28,74,26.62585082,0.187774152,21,1
1997229,1,53,69,17,31,21.2532197,0.160452926,24,0
1737628,3,106,67,11,151,28.65335323,0.100782492,43,1
1678415,10,94,80,10,16,41.70291661,0.101307188,25,0
1707033,0,119,88,46,39,37.27684564,0.081617195,24,0
1192237,1,114,66,50,339,21.54663454,0.161732582,21,0
1271458,0,78,86,9,171,19.17637449,0.086726718,24,0
1883560,5,124,61,13,184,20.14349575,0.133094373,43,1
1743283,1,83,67,45,16,20.23239922,0.15399253,24,0
1496542,10,110,63,26,77,23.54813643,0.164739029,55,1
1550796,0,81,91,35,24,42.61743389,0.276539119,25,0
1233538,0,162,52,45,308,48.55739248,0.933133484,74,0
1758795,10,142,109,41,27,35.78209113,0.097300531,23,0
1331925,2,66,67,22,72,30.71569414,0.129056185,21,1
1788688,6,113,81,41,193,44.84040572,0.667488931,35,0
1255209,1,121,86,43,18,20.34703206,0.624755537,22,0
1896959,3,102,64,10,60,23.43809115,0.323913746,22,1
1709843,10,119,71,14,398,27.04504242,0.975376187,47,1
1015195,5,178,60,14,323,18.70193352,0.114845741,35,1
1294707,0,81,83,15,23,19.15862569,0.604640592,23,0
1572346,0,123,60,41,25,21.7418775,0.238757223,24,0
1767170,1,98,86,24,32,42.83777342,0.718286993,21,1
1700200,0,94,59,43,170,18.93628348,0.103528045,23,0
1873801,9,139,55,44,21,38.39411011,0.11596792,26,0
1908813,5,97,60,56,749,25.86912679,0.119785833,42,1
1597109,3,102,77,45,245,27.9864449,0.1260429,38,1
1919947,1,177,70,14,248,35.94836226,1.249694802,23,1
1631253,10,141,46,34,210,38.96347135,0.432488611,21,0
1035139,1,147,67,52,23,38.61159733,0.178867755,30,0
1743189,9,100,67,55,48,19.36340031,0.192277642,22,0
1785666,0,96,46,55,49,37.55648684,0.654057155,21,0
1900869,7,82,64,34,19,21.09384379,0.189341133,52,0
1749441,7,115,52,35,146,19.81066025,0.094340949,49,0
1647796,0,168,51,25,23,21.07742439,0.893146951,30,0
1689697,3,125,48,24,46,31.89017493,0.14433833,68,0
1361649,0,84,84,43,40,21.35419659,0.604011936,23,0
1981368,0,115,50,11,59,28.31826842,0.65824187,25,0
1878405,3,100,69,90,93,29.77410544,0.112811363,21,1
1703215,8,116,75,32,22,21.25390076,1.919213579,22,0
1204473,0,67,51,45,187,25.37379776,0.170235108,69,0
1339048,0,97,94,39,37,37.85199459,0.219382541,21,0
1568992,6,99,84,46,79,20.33826461,0.126903813,23,0
1304217,0,122,61,42,14,22.07809051,0.091036177,21,0
1001782,0,146,42,21,154,38.29319621,0.217144185,26,0
1834902,10,93,93,21,157,42.42579352,0.550747876,55,0
1348222,10,126,86,43,135,20.73182667,1.086021351,22,0
1550039,1,102,39,8,423,46.15995541,0.119142326,55,0
1280239,0,69,51,35,46,38.32692811,0.225575581,21,0
1831093,12,176,95,48,396,30.36376812,0.162073708,21,1
1628505,1,82,93,19,18,38.22259486,0.278335099,22,0
1363218,7,100,85,9,69,34.64677394,1.363616243,44,1
1402760,3,110,75,13,86,30.58387194,1.018589322,42,1
1437211,0,97,81,9,176,21.47174219,0.225348628,25,0
1390826,3,108,66,35,210,45.83504056,0.169229546,46,1
1683857,7,112,58,20,215,40.68983888,0.165390251,25,0
1289139,4,95,63,52,67,31.27021668,0.586259385,39,1
1852411,9,147,92,31,40,38.07040113,0.639482879,26,0
1600911,9,98,89,23,198,21.22931805,0.557047986,59,1
1046919,2,95,72,13,528,31.16904874,0.840858436,35,1
1985265,3,101,67,11,154,33.27356881,0.171359173,59,1
1885924,0,88,74,17,51,18.81158382,1.042145426,45,0
1160420,0,76,65,36,529,18.4303059,0.528925595,51,0
1755716,0,73,58,21,15,38.7857607,0.167592441,25,0
1805686,3,95,85,54,68,31.19572418,0.7077791,22,1
1658097,1,123,52,10,20,20.28773005,0.270741721,24,0
1986843,6,142,66,10,20,19.62985372,0.250588987,23,0
1412250,1,94,53,19,30,43.93376549,0.142809488,44,0
1172889,1,117,58,37,574,19.97226546,0.247360828,49,0
1913901,1,149,51,16,37,43.52188099,0.587036719,25,0
1962176,4,107,78,14,180,41.73095447,1.5168743,22,1
1016702,0,59,55,7,24,35.99755881,0.212583706,22,0
1902525,0,123,49,31,17,18.36790929,0.631613575,21,0
1234704,4,180,76,35,596,51.67933026,0.087973138,55,1
1205284,0,66,83,18,51,21.38693832,0.20477355,26,0
1535228,6,49,58,20,30,39.84158623,0.14145196,25,0
1029586,0,86,50,19,159,39.39830375,0.079070004,23,0
1363816,1,96,49,16,34,21.66049061,0.119218828,22,0
1358864,0,121,42,24,27,35.54242849,0.09189703,30,0
1510348,0,136,95,49,29,20.46443871,0.140038608,22,0
1143902,2,104,69,23,23,21.43459331,0.596405109,21,1
1599905,10,90,56,36,15,32.84953277,0.18463724,24,0
1201886,8,112,95,44,388,27.43049643,0.203532087,59,1
1141115,6,177,66,35,290,37.6528572,1.094996552,22,1
1713154,6,95,81,8,33,45.57860264,0.214465371,21,0
1199626,0,163,86,41,35,19.89458104,0.175701535,22,0
1977593,0,70,81,7,124,19.39865464,0.121112745,22,0
1600412,0,91,84,7,187,35.36886481,0.201915581,23,0
1822178,9,112,75,30,174,44.98212361,1.029115952,31,1
1229502,0,149,59,45,43,18.20986633,0.185825495,26,0
1653115,0,53,52,42,501,36.40600918,0.578967023,26,0
1727802,9,107,64,54,68,45.74319257,0.195387564,21,1
1588753,9,106,68,10,40,21.29969432,0.222310479,30,0
1608668,7,134,84,33,47,20.74735531,0.091806931,26,0
1885380,0,128,92,20,207,21.73232569,0.884146127,21,0
1598206,0,96,86,28,177,41.20786049,0.243070981,26,0
1454017,1,111,55,48,48,44.23391107,0.153749722,23,0
1917437,3,143,93,46,72,27.61371715,0.096320087,46,1
1800304,7,58,93,7,37,21.30652051,0.151093572,31,0
1504472,2,95,96,39,183,19.40978718,0.194437881,26,0
1162109,1,93,96,11,129,31.60982178,0.089374895,48,0
1703558,1,146,29,15,158,18.27059063,0.08387494,22,0
1908609,2,94,64,10,210,37.14665556,0.681159415,23,0
1998424,10,109,67,39,317,31.33830207,0.117957531,21,1
1827056,0,145,39,11,19,36.68368932,0.629386406,21,0
1638593,2,105,73,14,160,37.48127378,1.001409181,46,1
1127940,3,137,87,25,44,21.12369953,0.157217072,26,0
1388428,0,115,64,33,54,41.62979952,0.140741708,21,0
1294488,9,94,88,23,48,33.4486717,0.214386815,22,0
1658044,0,145,83,33,45,21.061036,0.804743706,26,0
1464809,0,170,93,31,26,22.06823013,0.577021956,21,0
1949223,5,70,86,41,94,42.93078395,0.084971395,21,1
1403206,10,155,42,9,33,30.59289687,0.080194197,23,0
1047859,0,169,56,10,37,41.2190908,0.5187464,22,0
1920914,1,135,92,46,51,32.67601574,0.137981668,23,0
1071514,3,170,94,41,92,36.33070446,0.101158916,23,1
1056398,7,67,48,10,128,39.9861145,0.145388222,21,0
1168594,3,87,59,27,537,25.39796437,0.488320167,31,1
1078571,3,103,55,21,186,30.91230792,0.248836684,21,1
1822415,0,162,86,8,31,47.03367,0.788199569,25,0
1610827,0,80,70,33,14,21.114874,0.172161093,26,0
1013126,6,83,56,53,42,21.43710677,0.558485037,31,0
1460895,0,82,41,46,383,40.15454165,0.527023063,71,0
1651365,6,91,87,32,21,20.52772656,0.826822579,35,0
1989554,1,75,56,19,27,27.98180088,0.629456773,22,0
1617334,0,72,45,32,43,20.23347861,0.184697702,45,0
1275721,3,177,90,46,223,26.47774216,0.203144535,21,1
1050526,6,119,91,50,60,41.91447199,0.518007706,25,0
1444922,0,119,92,30,62,21.30988183,0.288241714,23,0
1281924,7,72,84,9,33,19.23499619,0.147661974,21,0
1596200,0,173,86,40,42,36.91920046,0.119040274,53,0
1025667,8,111,89,28,207,52.9616119,0.089891366,60,1
1125622,1,84,74,21,467,20.73758999,0.206743656,30,0
1851135,0,82,78,21,163,37.95580871,0.525769732,22,0
1352142,7,74,50,9,17,19.34611232,0.861101631,42,0
1602393,0,95,54,50,52,18.33590729,0.61475338,26,0
1712409,7,106,72,23,41,20.19330079,0.168018414,26,0
1984558,10,93,49,7,14,21.38981218,0.183691966,24,0
1942347,0,140,81,34,26,19.97444604,0.157185675,21,0
1306812,0,132,72,7,220,19.7840088,0.491643407,21,0
1247408,1,115,51,8,297,36.0105024,0.121459145,24,0
1735599,0,92,47,44,33,39.00291259,0.262774932,68,0
1245442,12,62,47,12,169,44.32251031,0.095167887,39,1
1763278,7,149,64,43,209,20.8645405,0.700733761,22,0
1613065,6,148,84,9,150,30.55020634,0.292522017,21,0
1733945,0,92,80,8,36,19.87310641,0.245474263,23,0
1046370,10,100,82,27,166,43.30836886,0.754711233,22,1
1209595,6,116,72,23,384,18.51009133,0.603821922,43,1
1356166,1,103,99,45,151,40.66958167,1.098463589,22,1
1213667,8,122,63,12,25,42.0154992,0.118647469,26,0
1137276,7,71,57,35,45,18.7221488,0.94834271,32,0
1845340,5,97,50,29,195,34.94267262,0.634477974,21,1
1442495,3,108,64,32,181,36.84707274,0.996918841,23,1
1967268,0,92,57,53,160,21.52313477,0.101234597,22,0
1838907,2,81,61,28,65,19.21080517,0.499343838,29,1
1517432,0,76,92,19,200,41.69658083,0.821203546,26,0
1360598,1,98,49,34,24,40.75904161,1.938126148,22,0
1947692,9,101,98,40,368,43.88838567,0.107971332,22,1
1761586,1,132,58,12,44,33.66845618,0.096025261,22,0
1058282,2,94,41,32,341,21.31135022,0.705977801,25,0
1743754,3,121,61,13,241,36.06191657,1.538023521,34,1
1386396,3,114,65,47,512,36.21543653,0.14736285,34,1
1174826,0,96,113,16,75,34.93419034,0.976413583,22,0
1712997,0,72,50,33,17,19.6444375,0.563380915,23,0
1540102,0,75,92,9,169,39.02847497,0.121184413,21,0
1366455,4,77,100,47,185,30.27366255,0.881222657,47,1
1641325,9,157,53,10,215,21.36036452,0.642440568,21,0
1188547,0,80,51,11,146,20.56668514,0.775684099,21,0
1155100,0,135,55,25,300,20.34039608,0.138958077,21,0
1977027,7,96,44,11,188,19.47927584,0.137038193,22,0
1854526,7,83,93,33,406,38.97957285,1.08301924,26,0
1132788,8,101,84,28,295,51.19076779,1.588415251,45,1
1965990,3,172,64,42,36,31.45138382,0.675905094,22,1
1776765,1,55,56,40,37,31.94560044,0.245449103,26,0
1312081,0,86,92,34,46,39.38522253,0.552462329,21,0
1279483,5,169,69,29,191,32.61582459,0.25012617,22,1
1708099,0,121,85,24,196,39.73484752,0.428272397,26,0
1946764,2,74,106,7,50,21.59672792,0.182971303,21,0
1422048,10,104,65,13,209,30.92465953,0.451438277,47,1
1400989,4,174,73,55,426,26.38026059,0.201444962,23,1
1193902,1,127,25,19,226,37.44370672,0.257543789,26,0
1691827,1,91,57,46,43,22.01607799,0.112701817,22,0
1008834,1,128,92,35,28,22.05950262,0.635522962,26,0
